{
   "dashboards": [{
      "autoswitchEnabled": false,
      "columnCount": 1,
      "columnProportion": "1",
      "creationTime": 1583678203785,
      "dashboardNavigations": {},
      "description": "",
      "disabled": false,
      "gridsterMaxColumns": 12,
      "hidden": false,
      "homeTab": false,
      "id": "3b89d421-e85c-4941-bd53-76ce91b656eb",
      "importAttempts": 0,
      "importComplete": true,
      "isDefault": false,
      "locked": false,
      "name": "Dropped Packets Overview",
      "namePath": "Vanguard Library",
      "rank": 175,
      "shared": false,
      "states": [],
      "temporary": false,
      "userId": "77e80554-6e5b-4794-ae6f-62ebed01780d",
      "widgetInteractions": [
         {
            "type": "resourceId",
            "widgetIdProvider": "a0295281-fe34-4afd-a0eb-7ebdb8a8297d",
            "widgetIdReceiver": "3b2bcc24-6b47-4e73-892b-de285a6a03e6"
         },
         {
            "type": "resourceId",
            "widgetIdProvider": "a0295281-fe34-4afd-a0eb-7ebdb8a8297d",
            "widgetIdReceiver": "0f68364e-ec46-44cf-b306-5e2a188a8b46"
         },
         {
            "type": "resourceId",
            "widgetIdProvider": "a0295281-fe34-4afd-a0eb-7ebdb8a8297d",
            "widgetIdReceiver": "b6ca5036-3b28-49d2-acd5-ea261e6b19cd"
         },
         {
            "type": "resourceId",
            "widgetIdProvider": "a0295281-fe34-4afd-a0eb-7ebdb8a8297d",
            "widgetIdReceiver": "2886cf74-197b-4001-94eb-23529bea676b"
         },
         {
            "type": "resourceId",
            "widgetIdProvider": "483f6319-189a-4ee4-9f2e-1ca4834f053b",
            "widgetIdReceiver": "3b2bcc24-6b47-4e73-892b-de285a6a03e6"
         },
         {
            "type": "resourceId",
            "widgetIdProvider": "483f6319-189a-4ee4-9f2e-1ca4834f053b",
            "widgetIdReceiver": "37ec53ac-ea96-437e-8b1e-8e5afe3b6079"
         },
         {
            "type": "resourceId",
            "widgetIdProvider": "a0295281-fe34-4afd-a0eb-7ebdb8a8297d",
            "widgetIdReceiver": "37ec53ac-ea96-437e-8b1e-8e5afe3b6079"
         },
         {
            "type": "resourceId",
            "widgetIdProvider": "a0295281-fe34-4afd-a0eb-7ebdb8a8297d",
            "widgetIdReceiver": "4134b927-f31f-4b04-b506-bfbcaf71936f"
         },
         {
            "type": "resourceId",
            "widgetIdProvider": "483f6319-189a-4ee4-9f2e-1ca4834f053b",
            "widgetIdReceiver": "2886cf74-197b-4001-94eb-23529bea676b"
         },
         {
            "type": "resourceId",
            "widgetIdProvider": "483f6319-189a-4ee4-9f2e-1ca4834f053b",
            "widgetIdReceiver": "b6ca5036-3b28-49d2-acd5-ea261e6b19cd"
         },
         {
            "type": "resourceId",
            "widgetIdProvider": "483f6319-189a-4ee4-9f2e-1ca4834f053b",
            "widgetIdReceiver": "0f68364e-ec46-44cf-b306-5e2a188a8b46"
         },
         {
            "type": "resourceId",
            "widgetIdProvider": "483f6319-189a-4ee4-9f2e-1ca4834f053b",
            "widgetIdReceiver": "4134b927-f31f-4b04-b506-bfbcaf71936f"
         },
         {
            "type": "resourceId",
            "widgetIdProvider": "483f6319-189a-4ee4-9f2e-1ca4834f053b",
            "widgetIdReceiver": "a22c6cab-eb71-48b3-b03f-1834a6535bc8"
         },
         {
            "type": "resourceId",
            "widgetIdProvider": "a0295281-fe34-4afd-a0eb-7ebdb8a8297d",
            "widgetIdReceiver": "a22c6cab-eb71-48b3-b03f-1834a6535bc8"
         },
         {
            "type": "resourceId",
            "widgetIdProvider": "ad7ee7e3-3316-4b6d-ba65-10cddeade833",
            "widgetIdReceiver": "37ec53ac-ea96-437e-8b1e-8e5afe3b6079"
         },
         {
            "type": "resourceId",
            "widgetIdProvider": "ad7ee7e3-3316-4b6d-ba65-10cddeade833",
            "widgetIdReceiver": "243e47a8-ce1a-4f2f-b88e-eae9bd38c168"
         },
         {
            "type": "resourceId",
            "widgetIdProvider": "ad7ee7e3-3316-4b6d-ba65-10cddeade833",
            "widgetIdReceiver": "a22c6cab-eb71-48b3-b03f-1834a6535bc8"
         },
         {
            "type": "resourceId",
            "widgetIdProvider": "a0295281-fe34-4afd-a0eb-7ebdb8a8297d",
            "widgetIdReceiver": "243e47a8-ce1a-4f2f-b88e-eae9bd38c168"
         },
         {
            "type": "resourceId",
            "widgetIdProvider": "483f6319-189a-4ee4-9f2e-1ca4834f053b",
            "widgetIdReceiver": "243e47a8-ce1a-4f2f-b88e-eae9bd38c168"
         }
      ],
      "widgets": [
         {
            "collapsed": false,
            "config": {
               "chartViewItems": ["legend"],
               "isUpdatedView": true,
               "refreshContent": {"refreshContent": false},
               "refreshInterval": 300,
               "resource": null,
               "selectFirstRow": {"selectFirstRow": false},
               "selfProvider": {"selfProvider": false},
               "title": "Cluster Virtual Network Dropped Packets - last 3 months",
               "traversalSpecId": "",
               "viewDefinitionId": "020589b7-6967-4c1f-9b78-ab8e6f4a4f62"
            },
            "gridsterCoords": {
               "h": 8,
               "w": 6,
               "x": 1,
               "y": 31
            },
            "height": 439,
            "id": "4134b927-f31f-4b04-b506-bfbcaf71936f",
            "states": [{
               "key": "perm_toolbarVisible_widget_3b89d421-e85c-4941-bd53-76ce91b656eb_4134b927-f31f-4b04-b506-bfbcaf71936f",
               "value": "b%3A0"
            }],
            "title": "Cluster Virtual Network Dropped Packets - last 3 months",
            "type": "View"
         },
         {
            "collapsed": false,
            "config": {
               "chartViewItems": [],
               "isUpdatedView": true,
               "refreshContent": {"refreshContent": false},
               "refreshInterval": 300,
               "resource": {
                  "id": "Ext.vcops.chrome.model.Resource-7",
                  "resourceId": "resource:id:0_::_",
                  "resourceKindId": "002006VMWAREvSphere World",
                  "resourceName": "vSphere World",
                  "traversalSpecId": ""
               },
               "selectFirstRow": {"selectFirstRow": false},
               "selfProvider": {"selfProvider": true},
               "title": "Clusters Dropped Packets - Yesterday",
               "traversalSpecId": null,
               "viewDefinitionId": "33f72cf0-5c83-42f6-8fec-069c950bcaf9"
            },
            "gridsterCoords": {
               "h": 11,
               "w": 4,
               "x": 5,
               "y": 1
            },
            "height": 609,
            "id": "a0295281-fe34-4afd-a0eb-7ebdb8a8297d",
            "title": "Clusters Dropped Packets - Yesterday",
            "type": "View"
         },
         {
            "collapsed": false,
            "config": {
               "chartViewItems": ["legend"],
               "isUpdatedView": true,
               "refreshContent": {"refreshContent": false},
               "refreshInterval": 300,
               "resource": null,
               "selectFirstRow": {"selectFirstRow": false},
               "selfProvider": {"selfProvider": false},
               "title": "Hosts Dropped Packets Trend Line - last 3 months",
               "traversalSpecId": "",
               "viewDefinitionId": "9f0b3af2-019c-457c-b464-a44c53e3b6cd"
            },
            "gridsterCoords": {
               "h": 8,
               "w": 6,
               "x": 7,
               "y": 31
            },
            "height": 439,
            "id": "3b2bcc24-6b47-4e73-892b-de285a6a03e6",
            "states": [{
               "key": "perm_toolbarVisible_widget_3b89d421-e85c-4941-bd53-76ce91b656eb_3b2bcc24-6b47-4e73-892b-de285a6a03e6",
               "value": "b%3A0"
            }],
            "title": "Hosts Dropped Packets Trend Line - last 3 months",
            "type": "View"
         },
         {
            "collapsed": false,
            "config": {
               "chartViewItems": ["legend"],
               "isUpdatedView": true,
               "refreshContent": {"refreshContent": false},
               "refreshInterval": 300,
               "resource": null,
               "selectFirstRow": {"selectFirstRow": false},
               "selfProvider": {"selfProvider": false},
               "title": "Dropped Packets - Today",
               "traversalSpecId": "",
               "viewDefinitionId": "ad453435-f8e4-4f99-b7ba-3bdbd9fe866c"
            },
            "gridsterCoords": {
               "h": 8,
               "w": 4,
               "x": 9,
               "y": 23
            },
            "height": 439,
            "id": "0f68364e-ec46-44cf-b306-5e2a188a8b46",
            "title": "Dropped Packets - Today",
            "type": "View"
         },
         {
            "collapsed": false,
            "config": {
               "chartViewItems": ["legend"],
               "isUpdatedView": true,
               "refreshContent": {"refreshContent": false},
               "refreshInterval": 300,
               "resource": null,
               "selectFirstRow": {"selectFirstRow": false},
               "selfProvider": {"selfProvider": false},
               "title": "Dropped Packets - Yesterday",
               "traversalSpecId": "",
               "viewDefinitionId": "2a19f3e3-1bbc-4860-86d4-a74b96f07559"
            },
            "gridsterCoords": {
               "h": 8,
               "w": 4,
               "x": 5,
               "y": 23
            },
            "height": 439,
            "id": "b6ca5036-3b28-49d2-acd5-ea261e6b19cd",
            "states": [{
               "key": "perm_toolbarVisible_widget_3b89d421-e85c-4941-bd53-76ce91b656eb_b6ca5036-3b28-49d2-acd5-ea261e6b19cd",
               "value": "b%3A0"
            }],
            "title": "Dropped Packets - Yesterday",
            "type": "View"
         },
         {
            "collapsed": false,
            "config": {
               "chartViewItems": ["legend"],
               "isUpdatedView": true,
               "refreshContent": {"refreshContent": false},
               "refreshInterval": 300,
               "resource": null,
               "selectFirstRow": {"selectFirstRow": false},
               "selfProvider": {"selfProvider": false},
               "title": "Dropped Packets - 8 Days Ago",
               "traversalSpecId": "",
               "viewDefinitionId": "a36d15d1-ef16-4030-ba0f-305a58547ac2"
            },
            "gridsterCoords": {
               "h": 8,
               "w": 4,
               "x": 1,
               "y": 23
            },
            "height": 439,
            "id": "2886cf74-197b-4001-94eb-23529bea676b",
            "states": [{
               "key": "perm_toolbarVisible_widget_3b89d421-e85c-4941-bd53-76ce91b656eb_2886cf74-197b-4001-94eb-23529bea676b",
               "value": "b%3A0"
            }],
            "title": "Dropped Packets - 8 Days Ago",
            "type": "View"
         },
         {
            "collapsed": false,
            "config": {
               "chartViewItems": [],
               "isUpdatedView": true,
               "refreshContent": {"refreshContent": false},
               "refreshInterval": 300,
               "resource": {
                  "id": "Ext.vcops.chrome.model.Resource-14",
                  "resourceId": "resource:id:0_::_",
                  "resourceKindId": "002006VMWAREvSphere World",
                  "resourceName": "vSphere World",
                  "traversalSpecId": ""
               },
               "selectFirstRow": {"selectFirstRow": false},
               "selfProvider": {"selfProvider": true},
               "title": "Cluster Dropped Packets - 8 Days ago",
               "traversalSpecId": null,
               "viewDefinitionId": "df80cf61-94db-4efa-a6aa-c0a8e9761e96"
            },
            "gridsterCoords": {
               "h": 11,
               "w": 4,
               "x": 1,
               "y": 1
            },
            "height": 609,
            "id": "483f6319-189a-4ee4-9f2e-1ca4834f053b",
            "title": "Cluster Dropped Packets - 8 Days ago",
            "type": "View"
         },
         {
            "collapsed": false,
            "config": {
               "chartViewItems": [],
               "isUpdatedView": true,
               "refreshContent": {"refreshContent": false},
               "refreshInterval": 300,
               "resource": null,
               "selectFirstRow": {"selectFirstRow": false},
               "selfProvider": {"selfProvider": false},
               "title": "VM Dropped Packets - Today",
               "traversalSpecId": "",
               "viewDefinitionId": "ffb464a5-aef5-4f72-b813-78c1d221d93c"
            },
            "gridsterCoords": {
               "h": 11,
               "w": 4,
               "x": 9,
               "y": 12
            },
            "height": 609,
            "id": "37ec53ac-ea96-437e-8b1e-8e5afe3b6079",
            "title": "VM Dropped Packets - Today",
            "type": "View"
         },
         {
            "collapsed": false,
            "config": {
               "chartViewItems": [],
               "isUpdatedView": true,
               "refreshContent": {"refreshContent": false},
               "refreshInterval": 300,
               "resource": null,
               "selectFirstRow": {"selectFirstRow": false},
               "selfProvider": {"selfProvider": false},
               "title": "VM - Dropped Packets - 8 days ago",
               "traversalSpecId": "",
               "viewDefinitionId": "22f37012-8836-45fe-b6ef-3d424f143070"
            },
            "gridsterCoords": {
               "h": 11,
               "w": 4,
               "x": 1,
               "y": 12
            },
            "height": 609,
            "id": "a22c6cab-eb71-48b3-b03f-1834a6535bc8",
            "title": "VM - Dropped Packets - 8 days ago",
            "type": "View"
         },
         {
            "collapsed": false,
            "config": {
               "chartViewItems": [],
               "isUpdatedView": true,
               "refreshContent": {"refreshContent": false},
               "refreshInterval": 300,
               "resource": {
                  "id": "Ext.vcops.chrome.model.Resource-8",
                  "resourceId": "resource:id:0_::_",
                  "resourceKindId": "002006VMWAREvSphere World",
                  "resourceName": "vSphere World",
                  "traversalSpecId": ""
               },
               "selectFirstRow": {"selectFirstRow": false},
               "selfProvider": {"selfProvider": true},
               "title": "Cluster Dropped Packets - Today",
               "traversalSpecId": null,
               "viewDefinitionId": "dcb7348b-4aff-4ead-8b70-04fa61236f95"
            },
            "gridsterCoords": {
               "h": 11,
               "w": 4,
               "x": 9,
               "y": 1
            },
            "height": 609,
            "id": "ad7ee7e3-3316-4b6d-ba65-10cddeade833",
            "title": "Cluster Dropped Packets - Today",
            "type": "View"
         },
         {
            "collapsed": false,
            "config": {
               "chartViewItems": [],
               "isUpdatedView": true,
               "refreshContent": {"refreshContent": false},
               "refreshInterval": 300,
               "resource": null,
               "selectFirstRow": {"selectFirstRow": false},
               "selfProvider": {"selfProvider": false},
               "title": "VM - Dropped Packets - Yesterday",
               "traversalSpecId": "",
               "viewDefinitionId": "497019c7-1999-4af5-a3af-5614807cfcbc"
            },
            "gridsterCoords": {
               "h": 11,
               "w": 4,
               "x": 5,
               "y": 12
            },
            "height": 609,
            "id": "243e47a8-ce1a-4f2f-b88e-eae9bd38c168",
            "title": "VM - Dropped Packets - Yesterday",
            "type": "View"
         }
      ]
   }],
   "entries": {"resource": [{
      "adapterKindKey": "VMWARE",
      "identifiers": [],
      "internalId": "resource:id:0_::_",
      "name": "vSphere World",
      "resourceKindKey": "vSphere World"
   }]},
   "uuid": "d5297168-d97c-49ce-a428-8be07272013c"
}